seller_id,seller_state,delivered_orders,gmv,avg_delivery_delay_days,avg_review_score,late_delivery_rate,severe_delay_rate,poor_review_rate,sla_risk_score
7c67e1448b00f6e969d365cea6b010ab,SP,973,237806.69,-11.383350462487153,3.4958634953464323,0.0914696813977389,0.0452209660842754,0.2528263103802672,92629.73844809868
4a3ca9315b744ce9f8e9374361493884,SP,1772,231220.4299999999,-9.525395033860043,3.853108956075299,0.0970654627539503,0.051354401805869,0.1822799097065462,76464.54400677199
4869f7a5dfa277a7dca6462dcf3b52b2,SP,1124,247007.05999999997,-11.102313167259789,4.150537634408602,0.1049822064056939,0.0480427046263345,0.1298932384341637,69882.7803202847
fa1c13f2614d7b5c4749cbc52fecda94,SP,578,200833.50000000003,-10.314878892733564,4.372822299651568,0.0916955017301038,0.0484429065743944,0.0951557093425605,47254.941176470595
1025f0e2d44d7041d6cf58b6550e0bfa,SP,910,171924.96000000008,-10.9,4.008869179600887,0.0791208791208791,0.0197802197802197,0.1659340659340659,45531.775120879145
7d13fca15225358621be4086e1eb0964,SP,558,120934.47,-10.879928315412188,4.0414414414414415,0.1146953405017921,0.064516129032258,0.1702508960573476,42262.045967741935
da8622b14eb17ae2831f4ac5b9dab84a,SP,1311,184706.77999999997,-10.984744469870328,4.178544061302682,0.0663615560640732,0.0274599542334096,0.1174675819984744,39026.52788710907
1f50f920176fa81dab994f9023523100,SP,1399,141712.93999999997,-10.366690493209436,4.140602582496413,0.0886347390993566,0.0357398141529664,0.139385275196569,37378.180743388126
53243585a1d6dc2643021fd1853d8905,BA,348,230797.02,-11.479885057471265,4.19364161849711,0.0344827586206896,0.014367816091954,0.1034482758620689,35150.120862068965
6560211a19b47992c3666cc44a7e94c0,SP,1819,148050.94,-11.490379329301817,3.979501385041551,0.0527762506871907,0.0142935678944474,0.1594282572842221,33533.253040131945
5dceca129747e92ff8ef7a997dc4f8ca,SP,322,124702.92,-11.254658385093167,4.012578616352202,0.0559006211180124,0.0217391304347826,0.1894409937888198,33305.74881987578
712e6ed8aa4aa1fa65dab41fed5737e4,SC,77,46149.82,-9.116883116883116,3.3947368421052633,0.2077922077922078,0.1428571428571428,0.3506493506493506,32364.80883116883
620c87c171fb2a6dd6e8bb4dec959fc6,RJ,722,126278.18,-13.710526315789474,4.305865921787709,0.0872576177285318,0.0457063711911357,0.1108033240997229,30782.49263157895
955fee9216a65b617aa5c0531780ce60,SP,1261,156606.48,-10.222839016653449,4.201117318435754,0.0610626486915146,0.021411578112609,0.1015067406819984,28812.61170499604
7a67c85e85bb2ce8582c35f2203ad736,SP,1145,160278.52,-11.8235807860262,4.274846086191733,0.0524017467248908,0.0183406113537117,0.0978165938864628,27016.379353711785
2eb70248d66e0e3ef83659f71b244378,SP,187,42046.73000000001,-10.053475935828876,2.7907608695652173,0.1122994652406417,0.0427807486631016,0.46524064171123,26082.463529411772
7e93a43ef30c4f03f38b393420bc753a,SP,319,171973.55000000002,-12.20689655172414,4.364779874213837,0.0470219435736677,0.018808777429467,0.0815047021943573,25337.79576802508
46dc3b2cc0980fb8ec44634e21d2718e,RJ,503,134162.88000000003,-12.113320079522865,4.27364185110664,0.0576540755467196,0.0198807157057654,0.1093439363817097,25072.188310139172
cc419e0650a3c5ba77189a1882b7556a,SP,1651,125936.99,-12.993337371290128,4.151993523578223,0.052695336159903,0.0187764990914597,0.1271956390066626,25019.583718958205
f7ba60f8c3f99e7ee4042fdef03b70c4,SP,218,72387.94,-9.05045871559633,4.220183486238532,0.1376146788990825,0.0596330275229357,0.1055045871559633,21915.61486238532
a1043bafd471dff536d0c462352beb48,MG,702,130412.74,-12.433048433048434,4.275714285714286,0.0498575498575498,0.0199430199430199,0.094017094017094,21363.9103988604
3d871de0142ce09b7081e2b9d1733cb1,SP,1064,115515.64999999998,-13.088345864661656,4.1918328584995255,0.0545112781954887,0.025375939849624,0.1033834586466165,21170.63134398496
06a2c3af7b3aee5d69171b0e14f0ee87,MA,389,48169.49999999999,-11.367609254498715,4.012987012987013,0.1902313624678663,0.0745501285347043,0.1593830334190231,20431.79305912596
88460e8ebdecbfecb5f9601833981930,PR,246,36258.59000000001,-11.182926829268292,3.442857142857143,0.1707317073170731,0.089430894308943,0.3008130081300813,20340.18463414635
cca3071e3e9bb7d12640c9fbe2301306,SP,699,77188.55,-14.852646638054363,3.8844476744186047,0.0486409155937052,0.0257510729613733,0.1859799713876967,20097.734048640916
8160255418d5aaa7dbdc9f4c64ebda44,SP,380,54095.68000000001,-8.142105263157895,3.9547872340425534,0.1368421052631579,0.0605263157894736,0.1684210526315789,19787.630315789476
522620dcb18a6b31cd7bdf73665113a9,PR,172,61273.66,-13.75,3.905325443786982,0.0872093023255814,0.0465116279069767,0.1860465116279069,19593.32151162791
04308b1ee57b6625f47df1d56f00eedf,SC,92,61940.62,-11.576086956521738,3.945652173913043,0.0760869565217391,0.0326086956521739,0.1956521739130435,18851.493043478265
25c5c91f63607446a97b143d2d535d31,MG,156,61154.7,-11.852564102564102,3.832258064516129,0.0705128205128205,0.0256410256410256,0.1923076923076923,17640.778846153844
ccc4bbb5f32a6ab2b7066a4130f114e3,PR,184,78101.34,-16.91304347826087,4.3224043715847,0.0652173913043478,0.0489130434782608,0.108695652173913,17403.015978260868
7ddcbb64b5bc1ef36ca8c151f6ec77df,SP,325,62202.75,-10.083076923076923,4.029503105590062,0.083076923076923,0.043076923076923,0.1476923076923077,17033.983846153846
1835b56ce799e6a4dc4eddc053f04066,SP,417,41628.279999999984,-10.33093525179856,3.6630434782608696,0.1031175059952038,0.0503597122302158,0.237410071942446,16271.965563549154
8581055ce74af1daba164fdbd55a40de,SP,380,73473.98,-8.96042216358839,4.308707124010554,0.081578947368421,0.0421052631578947,0.0947368421052631,16048.26405263158
fe2032dab1a61af8794248c8196565c9,SP,293,70400.59999999999,-10.9419795221843,4.387543252595155,0.0887372013651877,0.0409556313993174,0.0955631399317406,15858.155631399315
218d46b86c1881d022bce9c68a7d4b15,SP,382,61162.939999999995,-11.50261780104712,4.185526315789474,0.0863874345549738,0.0523560209424083,0.1204188481675392,15851.128429319371
4e922959ae960d389249c378d1c939f5,SP,412,52485.600000000006,-12.849514563106796,3.963235294117647,0.0898058252427184,0.0315533980582524,0.1796116504854369,15796.636893203884
77530e9772f57a62c906e1c21538ab82,PR,312,53951.31,-10.948717948717947,4.147435897435898,0.0929487179487179,0.0448717948717948,0.1474358974358974,15389.957019230767
855668e0971d4dfd7bef1b6a4133b41b,SP,300,38408.56,-9.03,3.85472972972973,0.1266666666666666,0.0666666666666666,0.2033333333333333,15235.395466666669
edb1ef5e36e0c8cd84eb3c9b003e486d,RJ,165,83031.14,-13.503030303030304,4.442424242424242,0.0727272727272727,0.0363636363636363,0.0727272727272727,15096.57090909091
ea8482cd71df3c1969d7b9473ff13abc,SP,1132,53988.63000000005,-9.96113074204947,4.0266429840142095,0.0848056537102473,0.0300353356890459,0.1448763250883392,14021.781996466443
17e34d8224d27a541263c4c64b11a56b,SP,247,59530.490000000005,-10.566801619433198,4.253061224489796,0.0769230769230769,0.0364372469635627,0.1093117408906882,13255.777125506074
391fc6631aebcf3004804e51b40bcf1e,SP,521,49559.140000000014,-11.406909788867562,4.047297297297297,0.0863723608445297,0.0345489443378119,0.145873320537428,13222.112207293669
634964b17796e64304cadf1ad3050fb7,RJ,265,45014.100000000006,-10.362264150943396,4.056603773584905,0.0943396226415094,0.0415094339622641,0.1509433962264151,12909.704150943398
c3867b4666c7d76867627c2f7fb22e21,SP,228,39360.2,-9.758771929824562,4.079646017699115,0.1096491228070175,0.0614035087719298,0.1535087719298245,12774.801754385964
b33e7c55446eabf8fe1a42d037ac7d6d,SP,149,46871.55,-11.51006711409396,4.201342281879195,0.1140939597315436,0.0268456375838926,0.1275167785234899,12582.96644295302
c826c40d7b19f62a09e2d7c5e7295ee2,SP,346,50096.67,-9.852601156069364,4.130434782608695,0.0751445086705202,0.0289017341040462,0.1416184971098266,12306.985404624278
54965bbe3e4f07ae045b90b0b8541f52,PR,73,12427.960000000005,-3.5753424657534247,3.1449275362318843,0.3013698630136986,0.273972602739726,0.3835616438356164,11917.22191780822
70a12e78e608ac31179aea7f8422044b,SP,312,35487.24999999999,-10.426282051282053,3.812903225806452,0.0929487179487179,0.0448717948717948,0.1955128205128205,11829.083333333332
59b22a78efb79a4797979612b885db36,MG,125,32082.07,-10.08,3.983870967741935,0.112,0.056,0.2,11806.20176
f5a590cf36251cf1162ea35bef76fe84,SP,113,55366.96000000001,-11.053097345132745,4.274336283185841,0.0707964601769911,0.0353982300884955,0.1061946902654867,11759.354336283188
1ca7077d890b907f89be8c954a02686a,SP,108,13996.65,-6.666666666666667,2.392523364485981,0.1666666666666666,0.0555555555555555,0.5925925925925926,11404.677777777775
17f51e7198701186712e53a39c564617,SP,56,57812.42999999999,-11.821428571428571,4.339285714285714,0.0892857142857142,0.0178571428571428,0.0892857142857142,11356.013035714286
b2ba3715d723d245138f291a6fe42594,SP,324,55596.65,-9.842592592592592,4.202492211838006,0.0679012345679012,0.015432098765432,0.1172839506172839,11153.648919753086
7142540dd4c91e2237acb7e911c4eba2,SP,316,44025.67999999999,-13.44620253164557,4.054140127388535,0.0727848101265822,0.0379746835443038,0.1360759493670886,10867.0982278481
ceaec5548eefc6e23e6607c5435102e7,SP,198,57653.73000000001,-15.141414141414142,4.2,0.0505050505050505,0.0252525252525252,0.1111111111111111,10773.67681818182
897060da8b9a21f655304d50fd935913,SP,304,28258.33,-9.769736842105264,3.712624584717608,0.1052631578947368,0.0427631578947368,0.2302631578947368,10689.828782894738
e9779976487b77c6d4ac45f75ec7afe9,SP,645,52211.3,-10.0031007751938,4.2601246105919,0.0604651162790697,0.027906976744186,0.1054263565891472,10118.468992248065
d1c281d3ae149232351cd8c8cc885f0d,SP,214,32213.68,-11.457943925233645,3.806603773584906,0.0654205607476635,0.02803738317757,0.2149532710280373,9935.060186915887
710e3548e02bc1d2831dfc4f1b5b14d4,PR,131,26111.91,-21.786259541984737,3.4307692307692306,0.0381679389312977,0.0305343511450381,0.3053435114503817,9767.050305343511
1900267e848ceeba8fa32d80c1a5f5a8,SP,406,32679.54,-10.12807881773399,3.8659147869674184,0.0812807881773399,0.0320197044334975,0.1847290640394088,9739.46881773399
8444e55c1f13cd5c179851e5ca5ebd00,MG,92,23445.67000000001,-22.554347826086957,3.369565217391304,0.0652173913043478,0.0217391304347826,0.3260869565217391,9684.081086956525
f8db351d8c4c4c22c6835c19a46f01b0,SP,659,62487.02000000001,-11.93019726858877,4.265243902439025,0.0424886191198786,0.0136570561456752,0.0955993930197268,9482.097116843704
e9bc59e7b60fc3063eb2290deda4cced,PR,209,38082.42,-14.44976076555024,4.076555023923445,0.0765550239234449,0.0287081339712918,0.1435406698564593,9475.051866028709
7ad32824caee82087b3e2e5f33b1bf32,SP,147,25495.800000000003,-10.06122448979592,3.861111111111111,0.1292517006802721,0.0476190476190476,0.1904761904761904,9365.804081632654
4d6d651bd7684af3fffabd5f08d12e5a,SP,363,50785.76000000001,-13.00275482093664,4.223756906077348,0.0385674931129476,0.024793388429752,0.1184573002754821,9233.774545454547
de722cd6dad950a92b7d4f82673f8833,PE,337,64776.59000000001,-15.504451038575668,4.303571428571429,0.0356083086053412,0.0148367952522255,0.0919881305637982,9226.33922848665
76d5af76d0271110f9af36c92573f765,SP,128,35731.66,-12.3359375,4.133858267716535,0.09375,0.0234375,0.140625,9212.06859375
0b35c634521043bf4b47e21547b99ab5,PR,50,14690.79,-12.66,3.4081632653061225,0.16,0.12,0.34,9108.2898
17a053fcb14bd219540cbde0df490be0,SP,124,49114.41,-10.096774193548388,4.254098360655738,0.0564516129032258,0.0241935483870967,0.0967741935483871,8713.84693548387
d91fb3b7d041e83b64a00a3edfb37e4f,SP,524,48984.45,-12.6793893129771,4.139102564102563,0.0381679389312977,0.0057251908396946,0.1335877862595419,8693.805057251908
dc4a0fc896dc34b0d5bfec8438291c80,SP,225,28148.060000000005,-11.422222222222222,3.8177777777777777,0.0666666666666666,0.0311111111111111,0.2044444444444444,8506.969244444446
2528513dd95219a6013d4d05176e391a,SP,160,36400.97,-12.3,3.968152866242038,0.0375,0.025,0.16875,8417.7243125
9c0e69c7bf2619675bbadf47b43f655a,SP,151,35543.82,-8.23841059602649,4.173333333333333,0.086092715231788,0.0397350993377483,0.1059602649006622,8238.633774834438
7681ef142fd2c19048da7430856b5588,SP,58,34074.670000000006,-9.379310344827584,4.228070175438597,0.0862068965517241,0.0344827586206896,0.1206896551724138,8224.920344827588
8b321bb669392f5163d04c59e235e066,SP,930,31186.94000000001,-9.948387096774194,4.10475161987041,0.0870967741935483,0.0344086021505376,0.1408602150537634,8182.379956989251
850f4f8af5ea87287ac68de36e29107f,SP,186,48382.72,-14.758064516129032,4.295081967213115,0.0483870967741935,0.0268817204301075,0.0913978494623656,8063.786666666668
d2374cbcbb3ca4ab1086534108cc3ab7,SP,514,30370.230000000007,-14.80544747081712,3.7799607072691552,0.0525291828793774,0.0194552529182879,0.1926070038910506,8035.702879377433
cd68562d3f44870c08922d380acae552,SP,122,20279.86,-8.19672131147541,4.016528925619835,0.1557377049180328,0.0737704918032786,0.1639344262295081,7978.96131147541
900ba814c251a692506d7834c1218441,SP,86,31167.46,-8.593023255813954,4.226190476190476,0.1395348837209302,0.0348837209302325,0.0813953488372093,7973.071162790698
a416b6a846a11724393025641d4edd5e,SP,157,27865.799999999996,-10.248407643312104,4.2165605095541405,0.10828025477707,0.0318471337579617,0.1401273885350318,7809.523566878979
7178f9f4dd81dcef02f62acdf8151e01,SC,202,41180.44,-18.480198019801986,4.059701492537314,0.0346534653465346,0.0099009900990099,0.1435643564356435,7746.815445544555
7e1fb0a3ebfb01ffb3a7dae98bf3238d,SP,155,29052.620000000003,-10.63225806451613,4.189542483660131,0.1161290322580645,0.0451612903225806,0.1032258064516129,7684.886580645162
53e4c6e0f4312d4d2107a8c9cddf45cd,SP,463,39283.93,-13.34341252699784,4.130151843817788,0.0475161987041036,0.019438444924406,0.1274298056155507,7636.185097192225
e59aa562b9f8076dd550fcddf0e73491,PR,69,32876.37,-11.826086956521738,4.260869565217392,0.0869565217391304,0.0434782608695652,0.1014492753623188,7623.506086956522
8f2ce03f928b567e3d56181ae20ae952,SP,151,24969.800000000003,-9.019867549668874,4.1466666666666665,0.1258278145695364,0.0596026490066225,0.119205298013245,7606.6940397351
a49928bcdf77c55c6d6e05e09a9b4ca5,SP,96,10373.820000000002,-4.447916666666667,3.03125,0.21875,0.1041666666666666,0.40625,7564.2437500000015
001cca7ae9ae17fb1caed9dfb1094831,ES,195,33142.899999999994,-12.882051282051282,4.0625,0.0615384615384615,0.0256410256410256,0.1384615384615384,7478.397948717948
16090f2ca825584b5a147ab24aa30c86,SP,398,30984.02,-9.698492462311558,4.088383838383838,0.0804020100502512,0.0276381909547738,0.1306532663316583,7395.683165829146
6039e27294dc75811c0d8a39069f52c0,SP,63,15835.52,-7.333333333333333,3.7301587301587302,0.1746031746031746,0.0952380952380952,0.1904761904761904,7289.366349206349
1554a68530182680ad5c8b042c3ab563,MG,246,35714.56,-13.861788617886178,4.331967213114754,0.0609756097560975,0.040650406504065,0.1016260162601626,7259.056910569105
37be5a7c751166fbc5f8ccba4119e043,SP,269,60756.76000000001,-13.479553903345725,4.323308270676692,0.0260223048327137,0.0037174721189591,0.0892193308550185,7227.56996282528
f45122a9ab94eb4f3f8953578bc0c560,SP,184,25043.87,-10.331521739130435,3.972826086956522,0.0706521739130434,0.0434782608695652,0.1739130434782608,7213.723423913043
966cb4760537b1404caedd472cc610a5,SP,67,47432.57,-15.537313432835822,4.119402985074627,0.0298507462686567,0.0,0.1194029850746268,7079.488059701492
0dd184061fb0eaa7ca37932c68ab91c5,SP,161,23766.42,-10.490683229813664,4.03125,0.1055900621118012,0.0496894409937888,0.1366459627329192,6938.023229813664
8e6d7754bc7e0f22c96d255ebda59eba,SP,84,15793.35,-6.0476190476190474,3.6011904761904763,0.1309523809523809,0.0357142857142857,0.2619047619047619,6768.578571428571
0b90b6df587eb83608a64ea8b390cf07,PR,163,32090.94,-18.404907975460123,4.033950617283951,0.0368098159509202,0.0061349693251533,0.1656441717791411,6693.8157055214715
431af27f296bc6519d890aa5a05fdb11,SP,116,15103.049999999996,-7.25,3.8,0.1379310344827586,0.0689655172413793,0.2327586206896551,6640.134051724137
f457c46070d02cadd8a68551231220dd,PR,195,22449.01,-12.184615384615384,3.8737113402061856,0.0564102564102564,0.0307692307692307,0.2,6446.895179487178
0241d4d5d36f10f80c644447315af0bd,PR,238,38251.60999999999,-12.995798319327733,4.352320675105485,0.0462184873949579,0.0168067226890756,0.1050420168067226,6428.842016806722
5058e8c1e82653974541e83690655b4a,SP,62,12821.459999999995,-16.370967741935484,3.2459016393442623,0.1129032258064516,0.0806451612903225,0.3064516129032258,6410.729999999999
7aa4334be125fcdd2ba64b3180029f14,SP,214,20330.52,-9.4392523364486,4.131455399061033,0.116822429906542,0.0560747663551401,0.1401869158878504,6365.162803738317
c70c1b0d8ca86052f45a432a38b73958,SP,260,40190.56,-8.988461538461538,4.368217054263566,0.0538461538461538,0.0153846153846153,0.0884615384615384,6337.742153846153
de23c3b98a88888289c6f5cc1209054a,SP,161,28579.859999999997,-10.397515527950311,4.291925465838509,0.0745341614906832,0.0372670807453416,0.1055900621118012,6213.01304347826
165fc07beebdcb6190fba8a06db2a449,PR,50,19081.43,-11.48,3.8,0.08,0.02,0.22,6106.0576
729f06993dac8e860d4f02d7088ca48a,SP,94,24798.27,-10.808510638297872,4.21505376344086,0.0957446808510638,0.0425531914893617,0.1063829787234042,6067.661808510639
1c68394e931a64f90ea236c5ea590300,PR,142,27729.160000000003,-15.309859154929578,3.904929577464789,0.0352112676056338,0.0211267605633802,0.1619718309859155,6053.549014084509
834f3294fba9f932f56edc879193f925,SP,66,44207.42,-9.56060606060606,4.545454545454546,0.0606060606060606,0.0303030303030303,0.0454545454545454,6028.284545454545
70eea00b476a314817cefde4aad4f89a,SP,106,34149.66,-12.075471698113208,4.40952380952381,0.0660377358490566,0.0377358490566037,0.0660377358490566,5798.99886792453
05f51e13da97139648b8125c31e5f51b,MG,57,14988.96,-9.842105263157896,4.228070175438597,0.1578947368421052,0.087719298245614,0.1403508771929824,5785.2126315789465
dc317f341ab0e22f39acbd9dbf9b4a1f,RS,55,22570.13,-14.981818181818182,4.1454545454545455,0.0545454545454545,0.0363636363636363,0.1636363636363636,5745.124
4c2b230173bb36f9b240f2b8ac11786e,SP,258,18828.71,-8.062015503875969,3.9763779527559056,0.0930232558139534,0.0271317829457364,0.1782945736434108,5619.421201550387
ea566164622c6b439516ab18062c42cd,SP,50,11167.98,-8.1,3.78,0.18,0.08,0.24,5583.99
972d0f9cf61b499a4812cf0bfa3ad3c4,SC,81,10011.15,-9.765432098765432,3.0253164556962027,0.1111111111111111,0.037037037037037,0.4074074074074074,5561.75
4a3ccda38b2129705f3fb522db62ca31,SP,64,17508.809999999998,-11.328125,3.9296875,0.0625,0.046875,0.203125,5471.503124999999
44073f8b7e41514de3b7815dd0237f4f,DF,142,21519.49,-15.985915492957746,3.74468085106383,0.0352112676056338,0.0140845070422535,0.204225352112676,5455.645352112675
a888faf2d1baececa6baf9c3d603ee1f,PR,53,18672.75,-10.679245283018869,4.09433962264151,0.0943396226415094,0.0377358490566037,0.1509433962264151,5284.740566037735
213b25e6f54661939f11710a6fddb871,SP,152,18486.959999999995,-11.532894736842104,3.814569536423841,0.0657894736842105,0.0131578947368421,0.2039473684210526,5229.863684210525
440dd6ab244315c632130ecfb63827b1,SP,91,15135.68,-11.285714285714286,3.89010989010989,0.1318681318681318,0.0549450549450549,0.1538461538461538,5156.11076923077
75d34ebb1bd0bd7dde40dd507b8169c3,BA,57,13969.770000000002,-16.403508771929825,3.929824561403509,0.1228070175438596,0.0526315789473684,0.1929824561403508,5146.757368421053
a7f13822ceb966b076af67121f87b063,SP,73,14980.43,-16.410958904109588,3.4027777777777777,0.0410958904109589,0.0273972602739726,0.273972602739726,5130.284246575342
229c3efbfb0ea2058de4ccdfbc3d784a,MG,118,17779.71,-12.627118644067796,3.623931623931624,0.0169491525423728,0.0169491525423728,0.2542372881355932,5122.967288135593
eeb6de78f79159600292e314a77cbd18,SC,82,46506.89,-16.878048780487806,4.439024390243903,0.0365853658536585,0.0121951219512195,0.0609756097560975,5104.414756097561
c33847515fa6305ce6feb1e818569f13,SC,114,19894.26,-15.535087719298245,3.850877192982456,0.0350877192982456,0.0087719298245614,0.2105263157894736,5060.820526315791
00ee68308b45bc5e2660cd833c3f81cc,SP,135,23440.66,-10.792592592592593,4.298507462686567,0.074074074074074,0.0296296296296296,0.1111111111111111,5035.401037037036
adbc26658d6c7b4b6219f9d934598091,PR,88,13692.249999999998,-8.261363636363637,4.125,0.1363636363636363,0.0681818181818181,0.1590909090909091,4978.999999999999
a673821011d0cec28146ea42f5ab767f,SP,125,15928.04,-9.136,4.037190082644628,0.104,0.056,0.152,4969.5484799999995
9f505651f4a6abe901a56cdc21508025,SP,393,31862.590000000007,-10.806615776081426,4.366666666666666,0.0407124681933842,0.0203562340966921,0.094147582697201,4945.592849872774
2e90cb1677d35cfe24eef47d441b7c87,SP,127,16782.16,-10.385826771653544,4.118110236220472,0.1259842519685039,0.0236220472440944,0.1417322834645669,4889.290708661418
ce7d1888639e6fb06b2749cbfdac1ff7,MG,78,14876.54,-12.192307692307692,4.166666666666667,0.0897435897435897,0.0641025641025641,0.1666666666666666,4768.121794871794
7299e27ed73d2ad986de7f7c77d919fa,MG,335,40911.93,-12.537313432835822,4.429850746268657,0.0417910447761194,0.008955223880597,0.0656716417910447,4762.881402985075
dbc22125167c298ef99da25668e1011f,MG,394,40616.55,-13.692893401015228,4.320610687022901,0.0253807106598984,0.015228426395939,0.0761421319796954,4742.0337563451785
004c9cd9d87a3c30c522c48c4fc07416,SP,156,23094.02,-11.724358974358974,4.162337662337662,0.0641025641025641,0.0256410256410256,0.1153846153846153,4737.234871794872
6973a06f484aacf400ece213dbf3d946,SP,89,11706.59,-7.617977528089888,3.75,0.146067415730337,0.0449438202247191,0.2134831460674157,4735.24988764045
e5a38146df062edaf55c38afa99e42dc,SP,120,17156.429999999997,-10.591666666666669,3.983193277310925,0.075,0.0333333333333333,0.1666666666666666,4718.018249999999
cfb1a033743668a192316f3c6d1d2671,SP,143,15970.7,-11.237762237762238,4.038732394366197,0.0979020979020979,0.0349650349650349,0.1608391608391608,4690.695104895104
d05ae8f7a5bd1d2a690a44cd079e4e27,RJ,77,14385.65,-11.25974025974026,3.8947368421052633,0.0649350649350649,0.0519480519480519,0.2077922077922078,4670.665584415584
a3e9a2c700480d9bb01fba070ba80a0e,SP,129,16240.830000000002,-10.178294573643411,4.003937007874016,0.0930232558139534,0.0310077519379844,0.1627906976744186,4658.222558139536
a3a38f4affed601eb87a97788c949667,SC,251,31479.28000000001,-14.689243027888446,4.401606425702811,0.0438247011952191,0.0239043824701195,0.0796812749003984,4640.371952191236
6fd52c528dcb38be2eea044946b811f8,SP,67,8881.58,-10.791044776119405,3.393939393939394,0.1343283582089552,0.0298507462686567,0.3582089552238806,4639.631343283581
e5a3438891c0bfdb9394643f95273d8e,SP,216,10830.7,-6.527777777777778,3.9953488372093022,0.1574074074074074,0.0972222222222222,0.1712962962962963,4613.075925925927
c31eff8334d6b3047ed34bebd4d62c36,SP,120,15350.849999999997,-10.25,3.8739495798319328,0.1166666666666666,0.0083333333333333,0.175,4605.254999999999
99eaacc9e6046db1c82b163c5f84869f,SP,63,13723.94,-8.793650793650794,4.0,0.1111111111111111,0.0476190476190476,0.1746031746031746,4574.6466666666665
5343d0649eca2a983820bfe93fc4d17e,SP,70,12194.09,-13.128571428571428,3.869565217391304,0.1,0.0428571428571428,0.2285714285714285,4529.233428571429
7040e82f899a04d1b434b795a43b4617,SP,208,12336.96,-10.288461538461538,3.650485436893204,0.0769230769230769,0.0336538461538461,0.2548076923076923,4507.735384615384
0c8380b62e38e8a1e6adbeba7eb9688c,MG,180,21300.74,-11.85,4.073033707865169,0.05,0.0277777777777777,0.1333333333333333,4496.822888888889
c3cfdc648177fdbbbb35635a37472c53,PR,278,49127.810000000005,-16.18345323741007,4.469314079422382,0.014388489208633,0.0,0.0755395683453237,4417.968525179856
87142160b41353c4e5fca2360caf6f92,RS,305,38314.31,-14.99672131147541,4.40625,0.0393442622950819,0.0131147540983606,0.0622950819672131,4396.724098360655
48162d548f5b1b11b9d29d1e01f75a61,SP,66,22151.83,-13.303030303030305,3.984848484848485,0.0151515151515151,0.0151515151515151,0.1666666666666666,4363.239242424243
2138ccb85b11a4ec1e37afbd1c8eda1f,SP,388,17991.89,-12.59020618556701,3.956072351421189,0.0463917525773195,0.0283505154639175,0.1649484536082474,4312.4890979381435
fffd5413c0700ac820c7069d66d98c89,SP,57,11125.299999999996,-11.228070175438596,3.892857142857143,0.1228070175438596,0.0526315789473684,0.2105263157894736,4293.97543859649
dd7ddc04e1b6c2c614352b383efe2d36,SP,121,12025.179999999998,-7.826446280991736,3.875,0.1239669421487603,0.0495867768595041,0.1818181818181818,4273.411074380165
527801b552d0077ffd170872eb49683b,SP,90,20005.36,-11.322222222222225,4.47191011235955,0.1,0.0333333333333333,0.0777777777777777,4223.353777777778
056b4ada5bbc2c50cc7842547dda6b51,RJ,64,13485.789999999995,-12.453125,4.2063492063492065,0.109375,0.078125,0.125,4214.309374999999
96493fab2fbb13a14d0c0e8772eef5c3,SP,63,20181.23,-10.126984126984128,4.064516129032258,0.0634920634920634,0.0,0.1428571428571428,4164.380793650794
ce248b21cb2adc36282ede306b7660e5,SC,64,15455.2,-10.46875,4.234375,0.078125,0.0625,0.125,4105.287499999999
ef506c96320abeedfb894c34db06f478,SP,316,14648.8,-11.091772151898734,3.961783439490446,0.0791139240506329,0.0379746835443038,0.1613924050632911,4079.4126582278486
1a3df491d1c4f1589fc2b934ada68bf2,SC,160,26550.63,-13.10625,4.271875,0.0375,0.01875,0.09375,3982.5945
54a1852d1b8f10312c55e906355666ee,SP,198,20418.03,-10.974747474747474,4.355329949238579,0.0757575757575757,0.0353535353535353,0.0808080808080808,3918.6118181818183
5c243662ce92d84573bfaff24c3e3700,SP,98,34637.66,-13.63265306122449,4.144329896907217,0.010204081632653,0.0,0.1020408163265306,3887.900612244898
41b39e28db005d9731d9d485a83b4c38,SP,187,20064.519999999997,-17.983957219251337,4.179144385026738,0.0481283422459893,0.0213903743315508,0.1229946524064171,3862.6883422459887
76d64c4aca3a7baf218bf93ef7fa768d,PR,64,20455.29,-15.109375,4.2265625,0.03125,0.015625,0.140625,3835.366875
bfd27a966d91cfaafdb25d076585f0da,SP,114,21861.410000000003,-15.473684210526317,4.31858407079646,0.0526315789473684,0.0175438596491228,0.1052631578947368,3835.335087719299
09f952a5f58d2285b0372551ae8f9b01,SP,50,13346.46,-11.8,3.84,0.06,0.04,0.18,3737.008800000001
0adac9fbd9a2b63cccaac4f8756c1ca8,SP,106,17955.499999999996,-10.91509433962264,4.09433962264151,0.0566037735849056,0.0283018867924528,0.1226415094339622,3726.613207547169
048c2757535328e0d7dac690ad3c0aae,SP,50,10312.41,-10.0,4.244897959183674,0.12,0.1,0.14,3712.4676
70c27847eca8195c983ed7e798c56743,RJ,77,13529.18,-11.753246753246753,4.233766233766234,0.0649350649350649,0.0259740259740259,0.1818181818181818,3689.7763636363634
3b15288545f8928d3e65a8f949a28291,SP,101,16164.88,-11.445544554455443,4.08,0.0693069306930693,0.0396039603960396,0.1188118811881188,3681.1112871287137
6d66611d7c44cc30ce351abc49a68421,SP,164,16645.26,-11.097560975609756,3.969135802469136,0.0548780487804878,0.0121951219512195,0.1524390243902439,3653.8375609756094
1d8dbc4f32378d715c717c1c1fc57bae,PR,91,13291.14,-11.54945054945055,4.056179775280899,0.0879120879120879,0.0439560439560439,0.1428571428571428,3651.412087912088
bbad7e518d7af88a0897397ffdca1979,SP,68,5741.24,-9.382352941176473,3.1791044776119404,0.1617647058823529,0.0735294117647058,0.3970588235294117,3630.49
b499c00f28f4b7069ff6550af8c1348a,SP,147,12665.78,-11.408163265306122,4.2312925170068025,0.1292517006802721,0.0544217687074829,0.1020408163265306,3618.7942857142857
0be8ff43f22e456b4e0371b2245e4d01,SP,156,13844.490000000003,-11.737179487179487,4.032051282051282,0.0641025641025641,0.0192307692307692,0.173076923076923,3549.8692307692313
128639473a139ac0f3e5f5ade55873a5,PR,527,21475.54000000001,-12.246679316888043,4.213051823416507,0.0417457305502846,0.0189753320683111,0.1043643263757115,3545.297874762811
79ebd9a61bac3eaf882805ed4ecfa12a,PR,133,18730.52,-12.300751879699249,4.052631578947368,0.0451127819548872,0.0075187969924812,0.1353383458646616,3520.7744360902257
48436dade18ac8b2bce089ec2a041202,SP,134,14662.01,-9.694029850746269,4.104477611940299,0.0746268656716417,0.0373134328358208,0.126865671641791,3501.37552238806
ef0ace09169ac090589d85746e3e036f,RJ,128,18404.78,-11.3046875,4.3984375,0.078125,0.03125,0.078125,3450.89625
8b28d096634035667e8263d57ba3368c,SP,139,11533.04,-10.410071942446043,4.014598540145985,0.1079136690647482,0.0431654676258992,0.1438848920863309,3401.831942446043
c003204e1ab016dfa150abc119207b24,SP,195,29618.46,-11.528205128205128,4.466666666666667,0.0512820512820512,0.0153846153846153,0.0461538461538461,3341.569846153846
b1fc4f64df5a0e8b6913ab38803c57a9,RJ,107,10140.990000000002,-9.841121495327103,3.857142857142857,0.1214953271028037,0.0,0.205607476635514,3317.146261682243
94144541854e298c2d976cb893b81343,RS,68,18715.65,-14.279411764705882,4.253731343283582,0.0441176470588235,0.0147058823529411,0.1176470588235294,3302.7617647058823
2c9e548be18521d1c43cde1c582c6de8,SP,124,8470.09,-6.604838709677419,4.131147540983607,0.1532258064516129,0.1048387096774193,0.1290322580645161,3278.744516129032
5f2684dab12e59f83bef73ae57724e45,SP,67,9980.72,-11.07462686567164,3.791044776119403,0.0597014925373134,0.0298507462686567,0.2388059701492537,3277.2513432835817
c8b0e2b0a7095e5d8219575d5e7e1181,SP,84,13657.34,-10.821428571428571,4.0843373493975905,0.0714285714285714,0.0238095238095238,0.1428571428571428,3251.747619047619
18a349e75d307f4b4cc646a691ed4216,SP,109,9315.87,-14.568807339449542,3.6018518518518516,0.055045871559633,0.0275229357798165,0.2660550458715596,3247.734495412844
e24fc9fcd865784fb25705606fe3dfe7,SP,51,13780.71,-13.784313725490197,4.1568627450980395,0.0784313725490196,0.0392156862745098,0.1176470588235294,3242.5199999999995
dd2bdf855a9172734fbc3744021ae9b9,MG,105,12599.01,-23.00952380952381,3.871287128712871,0.0571428571428571,0.0285714285714285,0.1714285714285714,3239.7454285714284
59fb871bf6f4522a87ba567b42dafecf,SP,123,23192.180000000004,-14.601626016260164,4.276422764227642,0.056910569105691,0.008130081300813,0.073170731707317,3205.4232520325204
b2479f944e1b90cf8a5de1bbfde284d6,SP,101,6874.229999999999,-8.227722772277227,3.5,0.1188118811881188,0.0693069306930693,0.2772277227722772,3198.899108910891
2a261b5b644fa05f4f2700eb93544f2c,SP,51,7396.73,-9.666666666666666,3.862745098039216,0.1568627450980392,0.0588235294117647,0.2156862745098039,3190.746274509804
06e5eefc71ec47ae763c5c6f8db7064f,RS,90,23800.319999999996,-16.733333333333334,3.977272727272727,0.0,0.0,0.1333333333333333,3173.3759999999993
fa40cc5b934574b62717c68f3d678b6d,SP,304,20383.009999999995,-11.1875,4.481848184818482,0.0526315789473684,0.0296052631578947,0.0723684210526315,3151.3206249999994
f262cbc1c910c83959f849465454ddd3,SP,189,12654.9,-9.724867724867725,4.180851063829787,0.074074074074074,0.037037037037037,0.1375661375661375,3146.9857142857145
23d7c96d4a1160db1c726b248601b25a,SP,50,11947.17,-10.98,3.9270833333333335,0.1,0.0,0.16,3106.2642
00fc707aaaad2d31347cf883cd2dfe10,PR,103,14969.990000000002,-15.533980582524272,4.063725490196078,0.0388349514563106,0.0097087378640776,0.1553398058252427,3052.1338834951453
d650b663c3b5f6fb392b6326366efa9a,SP,57,19188.01000000001,-11.63157894736842,4.368421052631579,0.0526315789473684,0.0350877192982456,0.0701754385964912,3029.685789473685
5656537e588803a555b8eb41f07a944b,DF,171,11255.55,-11.76608187134503,3.8947368421052633,0.0584795321637426,0.023391812865497,0.1871345029239766,3027.808771929824
e8b3a3a38279a82f0e5d006d5e5b7d2c,PR,80,13408.21,-18.6,4.0125,0.0375,0.025,0.1625,3016.8472500000003
86ccac0b835037332a596a33b6949ee1,SC,178,19799.949999999997,-14.98876404494382,4.228813559322034,0.0224719101123595,0.0112359550561797,0.1179775280898876,3003.36320224719
813348c996469b40f2e028d5429d3495,SP,172,14271.23,-10.645348837209305,4.06508875739645,0.0465116279069767,0.0174418604651162,0.1453488372093023,2987.0016279069773
cac4c8e7b1ca6252d8f20b2fc1a2e4af,SP,74,5658.699999999999,-6.756756756756757,3.5821917808219177,0.1756756756756756,0.081081081081081,0.2702702702702703,2982.2878378378377
2e1c9f22be269ef4643f826c9e650a52,SP,161,14491.52,-10.4472049689441,4.24375,0.062111801242236,0.031055900621118,0.1118012422360248,2970.3115527950313
669ae81880e08f269a64487cfb287169,SC,161,16485.2,-13.919254658385093,4.2625,0.0434782608695652,0.0186335403726708,0.1180124223602484,2969.3838509316774
1e8b33f18b4f7598d87f5cbee2282cc2,SP,122,19924.070000000003,-10.934426229508198,4.4,0.0327868852459016,0.0081967213114754,0.1065573770491803,2939.6168852459023
f27e33c6d29b5138fa9967bcd445b6d5,SP,93,10482.25,-10.333333333333334,4.096774193548387,0.086021505376344,0.032258064516129,0.1612903225806451,2930.5215053763436
85d9eb9ddc5d00ca9336a2219c97bb13,MG,499,23539.91,-15.691382765531062,4.223790322580645,0.0220440881763527,0.0100200400801603,0.0921843687374749,2924.7984368737475
4b9750c8ad28220fe6702d4ecb7c898f,SP,217,19173.85,-9.36405529953917,4.364055299539171,0.0599078341013824,0.0230414746543778,0.0691244239631336,2915.8389400921665
c9c7905cffc4ef9ff9f113554423e671,SP,127,12766.710000000005,-10.133858267716535,4.141732283464567,0.0787401574803149,0.0393700787401574,0.1102362204724409,2915.2329921259848
7202e2ba20579a9bd1acb29e61fe71f6,SP,51,13217.210000000005,-12.176470588235292,3.98,0.0392156862745098,0.0196078431372549,0.1568627450980392,2850.7707843137264
e882b2a25a10b9c057cc49695f222c19,RJ,57,53913.76,-19.105263157894736,4.578947368421052,0.0,0.0,0.0526315789473684,2837.5663157894737
f84a00e60c73a49e7e851c9bdca3a5bb,RJ,88,7780.34,-10.443181818181818,3.897727272727273,0.1022727272727272,0.0681818181818181,0.1931818181818181,2829.2145454545457
05ff92fedb5be47920fea08e501238b9,RS,57,22983.869999999995,-17.736842105263158,4.315789473684211,0.0350877192982456,0.0350877192982456,0.0526315789473684,2822.5805263157886
aba1721a889e04decc910aa13b768ef4,SP,83,15352.47,-11.626506024096386,4.445783132530121,0.072289156626506,0.0120481927710843,0.0963855421686747,2774.5427710843373
f46490624488d3ff7ce78613913a7711,SP,80,7384.359999999999,-8.825,3.7625,0.1125,0.025,0.2375,2769.1349999999993
50c9975695009e5e6473912e83a6d1da,MG,50,6883.95,-7.7,3.938775510204082,0.14,0.08,0.18,2753.58
701938c450705b8ae65fc923b70f35c7,SP,74,15650.89,-11.743243243243244,4.0,0.0405405405405405,0.0135135135135135,0.1216216216216216,2749.4806756756757
1b4c3a6f53068f0b6944d2d005c9fc89,SC,111,17396.99,-12.756756756756756,4.254545454545455,0.045045045045045,0.009009009009009,0.0990990990990991,2664.403873873874
beadbee30901a7f61d031b6b686095ad,SP,64,5311.52,-9.453125,3.90625,0.234375,0.078125,0.1875,2655.76
4e7c18b98d84e05cbae3ff0ff03846c2,SP,81,11862.36,-13.296296296296296,4.2125,0.037037037037037,0.0123456790123456,0.1728395061728395,2636.08
9e6229250fedbe05838fef417b74e7fb,SP,73,14797.259999999998,-15.232876712328768,3.8904109589041096,0.0273972602739726,0.0,0.1506849315068493,2635.1284931506843
7ea5bfa6c340f58f8e71fc1f0412b0d6,MG,96,12470.26,-10.09375,4.189473684210526,0.0625,0.0520833333333333,0.09375,2597.9708333333333
3db66a856d18a9cba7c9241fc5221c50,MG,94,11522.66,-11.840425531914894,4.191489361702128,0.1063829787234042,0.0106382978723404,0.1063829787234042,2574.2112765957445
66922902710d126a0e7d26b0e3805106,MG,150,17464.93,-10.333333333333334,4.496644295302014,0.0733333333333333,0.02,0.0533333333333333,2561.523066666666
ececbfcff9804a2d6b40f589df8eef2b,SP,97,8548.46,-11.371134020618555,4.11340206185567,0.0927835051546391,0.0721649484536082,0.134020618556701,2555.725154639175
d20b021d3efdf267a402c402a48ea64b,SP,86,5427.259999999999,-5.651162790697675,3.752941176470588,0.1627906976744186,0.1046511627906976,0.1976744186046511,2524.306976744186
8d956fec2e4337affcb520f56fd8cbfd,SP,210,14302.050000000005,-10.561904761904762,4.214285714285714,0.0619047619047619,0.019047619047619,0.0952380952380952,2519.885
11bfa66332777660bd0640ee84d47006,SP,76,5608.54,-9.052631578947368,3.8947368421052633,0.1447368421052631,0.0789473684210526,0.2236842105263158,2509.0836842105264
624f4ece8da4aafb77699233d480f8ef,SP,52,10751.55,-10.596153846153848,4.25,0.0769230769230769,0.0384615384615384,0.1153846153846153,2481.1269230769235
1f9ab4708f3056ede07124aad39a2554,SP,76,15692.65,-13.407894736842104,4.093333333333334,0.0526315789473684,0.0263157894736842,0.0789473684210526,2477.786842105263
cbd996ad3c1b7dc71fd0e5f5df9087e2,SP,160,10989.44,-10.89375,4.210191082802548,0.08125,0.03125,0.1125,2472.6240000000003
b14db04aa7881970e83ffa9426897925,SP,78,7700.400000000001,-10.17948717948718,3.7733333333333334,0.1025641025641025,0.0512820512820512,0.1666666666666666,2468.076923076923
95e03ca3d4146e4011985981aeb959b9,RJ,172,14054.46,-15.151162790697674,4.0323529411764705,0.0348837209302325,0.005813953488372,0.1337209302325581,2451.3593023255808
1da3aeb70d7989d1e6d9b0e887f97c23,SP,261,12867.08,-11.39463601532567,4.165384615384616,0.0459770114942528,0.0191570881226053,0.1226053639846743,2415.6586973180074
b92e3c8f9738272ff7c59e111e108d7c,MG,62,10645.3,-43.403225806451616,4.161290322580645,0.032258064516129,0.0161290322580645,0.1774193548387097,2403.777419354839
2a84855fd20af891be03bc5924d2b453,MG,155,18265.72,-12.419354838709678,4.376623376623376,0.0258064516129032,0.0258064516129032,0.0774193548387096,2356.8670967741937
d50d79cb34e38265a8649c383dcffd48,SP,70,14944.680000000002,-13.285714285714286,4.246376811594203,0.0428571428571428,0.0285714285714285,0.0857142857142857,2348.4497142857144
f80edd2c5aaa505cc4b0a3b219abf4b8,SP,116,11790.619999999995,-12.327586206896552,4.147826086956521,0.0517241379310344,0.0086206896551724,0.1379310344827586,2337.7953448275857
d6b1ce66b035a475f00c017792ff9769,SP,92,14315.88,-12.576086956521738,4.277777777777778,0.0543478260869565,0.0326086956521739,0.0760869565217391,2334.1108695652174
34056b8b55c1775a22af2331670a799c,SP,77,8150.21,-10.92207792207792,4.038961038961039,0.1168831168831168,0.0259740259740259,0.1428571428571428,2328.6314285714284
01cf7e3d21494c41fb86034f2e714fa1,PR,59,11404.009999999998,-15.152542372881356,4.120689655172414,0.0508474576271186,0.0338983050847457,0.1186440677966101,2319.4596610169488
c6bda72e4dbf5c5866b13cb1810c6d03,SP,59,15196.12,-12.271186440677964,4.398305084745763,0.0338983050847457,0.0338983050847457,0.0847457627118644,2318.05220338983
a420f60ff1aa9acc80d0e42959f2b313,SP,67,8543.27,-13.014925373134329,3.953846153846154,0.0746268656716417,0.044776119402985,0.1492537313432835,2295.206865671642
23613d49c3ac2bd302259e55c06c050c,SP,69,6227.14,-11.028985507246375,3.8676470588235294,0.0869565217391304,0.0434782608695652,0.2318840579710145,2256.2101449275365
aac29b1b99776be73c3049939652091d,MG,94,9133.28,-10.76595744680851,4.172043010752688,0.0957446808510638,0.0531914893617021,0.0957446808510638,2234.7387234042553
36a968b544695394e4e9d7572688598f,SP,148,8917.699999999999,-12.39864864864865,3.7533783783783785,0.0337837837837837,0.0067567567567567,0.2094594594594594,2229.4249999999997
ca3bd7cd9f149df75950150d010fe4a2,SP,68,12572.36,-16.5,4.088235294117647,0.0147058823529411,0.0147058823529411,0.1470588235294117,2218.6517647058827
d94a40fd42351c259927028d163af842,MG,100,17022.37,-13.7,4.214285714285714,0.03,0.0,0.1,2212.9081
5a8e7d5003a1f221f9e1d6e411de7c23,SP,137,13708.8,-12.072992700729928,4.1678832116788325,0.0364963503649635,0.0,0.1240875912408759,2201.4131386861313
1c129092bf23f28a5930387c980c0dfc,SP,200,12550.19,-10.055,4.251256281407035,0.045,0.015,0.115,2196.2832499999995
bd23da7354813347129d751591d1a6e2,SP,86,11089.159999999998,-10.093023255813954,4.117647058823529,0.0232558139534883,0.0232558139534883,0.1511627906976744,2192.043255813953
92eb0f42c21942b6552362b9b114707d,SP,334,11262.04,-10.2874251497006,4.021084337349397,0.0479041916167664,0.0059880239520958,0.1407185628742515,2191.714371257485
3c7c4a49ec3c6550809089c6a2ca9370,SP,139,5799.209999999999,-9.453237410071942,3.6906474820143886,0.0575539568345323,0.0431654676258992,0.2733812949640288,2169.488633093525
4e17c65a516f69d023a2ae78b84f28d6,SP,61,8794.799999999997,-22.114754098360656,4.229508196721311,0.0491803278688524,0.0163934426229508,0.180327868852459,2162.6557377049176
e62b2d6ac10570a035a30bafcf01d263,SP,62,6375.47,-9.419354838709678,3.9661016949152543,0.1129032258064516,0.0806451612903225,0.1451612903225806,2159.4333870967744
8648b1e89e9b349e32d3741b30ec737e,SP,93,8649.02,-11.935483870967742,4.161290322580645,0.0967741935483871,0.010752688172043,0.1397849462365591,2139.004946236559
612170e34b97004b3ba37eae81836b4c,RS,107,25372.08,-18.373831775700936,4.429906542056075,0.0093457943925233,0.0,0.0747663551401869,2134.1001869158877
609e1a9a6c2539919b8205cf7c4e6ff0,SC,87,9282.42,-16.862068965517242,3.8117647058823527,0.0114942528735632,0.0114942528735632,0.2068965517241379,2133.8896551724138
e9d99831abad74458942f21e16f33f92,SP,130,6916.06,-9.523076923076925,3.9302325581395343,0.1,0.0461538461538461,0.1615384615384615,2128.018461538462
891071be6ba827b591264c90c2ae8a63,SP,85,4957.049999999999,-11.352941176470589,3.952941176470589,0.1411764705882353,0.0823529411764705,0.2,2099.456470588235
bd0389da23d89b726abf911cccc54596,DF,87,9128.47,-12.505747126436782,4.172413793103448,0.0689655172413793,0.0459770114942528,0.1149425287356321,2098.498850574713
0db783cfcd3b73998abc6e10e59a102f,SP,132,11076.55,-13.098484848484848,4.206106870229007,0.0378787878787878,0.0227272727272727,0.1287878787878787,2097.8314393939395
6edacfd9f9074789dad6d62ba7950b9c,SP,205,15872.28,-11.55609756097561,4.390243902439025,0.0439024390243902,0.0048780487804878,0.0829268292682926,2090.4954146341465
4830e40640734fc1c52cd21127c341d4,SP,204,12502.42,-11.142156862745098,4.2254901960784315,0.0490196078431372,0.0147058823529411,0.1029411764705882,2083.7366666666667
5d0363b33554b373851fc1622e4d5f3c,SP,93,8724.27,-8.96774193548387,4.075268817204301,0.086021505376344,0.032258064516129,0.1182795698924731,2063.805806451613
37515688008a7a40ac93e3b2e4ab203f,SP,227,9350.75,-7.964757709251101,4.102222222222222,0.079295154185022,0.039647577092511,0.1013215859030837,2059.636563876652
8e8a7ce9f2f970dc00e2acf6f6e199f6,RJ,63,9968.780000000002,-10.984126984126984,4.0,0.0634920634920634,0.0158730158730158,0.1269841269841269,2057.0498412698416
9b013e03b2ab786505a1d3b5c0756754,SP,170,11270.829999999998,-9.864705882352942,4.218934911242603,0.0411764705882352,0.0176470588235294,0.1235294117647058,2055.269
01fdefa7697d26ad920e9e0346d4bd1b,PR,128,17532.79,-13.7421875,4.377952755905512,0.0546875,0.0078125,0.0546875,2054.6238281250003
6d803cb79cc31c41c4c789a75933b3c7,SP,58,9925.070000000002,-13.827586206896552,4.25,0.0689655172413793,0.0517241379310344,0.0862068965517241,2053.46275862069
8e6cc767478edae941d9bd9eb778d77a,MG,100,8098.610000000001,-13.47,4.071428571428571,0.06,0.03,0.15,1943.6664
ba143b05f0110f0dc71ad71b4466ce92,SP,83,7309.369999999999,-8.481927710843374,4.457831325301205,0.1204819277108433,0.0602409638554216,0.0843373493975903,1937.4233734939753
066a6914e1ebf3ea95a216c73a986b91,PR,66,10611.56,-17.136363636363637,4.090909090909091,0.0303030303030303,0.0303030303030303,0.1212121212121212,1929.3745454545451
751bdc4d83a466c7206cd42e8f426b03,SP,51,7540.979999999999,-11.745098039215684,3.938775510204082,0.0196078431372549,0.0196078431372549,0.2156862745098039,1922.2105882352937
562fc2f2c2863ab7e79a9e4388a58a14,SP,255,12884.209999999995,-13.129411764705882,4.229249011857707,0.0313725490196078,0.0196078431372549,0.0980392156862745,1919.9999215686269
aaed1309374718fdd995ee4c58c9dfcd,SC,104,11659.73,-17.240384615384617,4.0576923076923075,0.0288461538461538,0.0,0.1346153846153846,1905.9174038461535
2b3e4a2a3ea8e01938cabda2a3e5cc79,SP,52,24535.1,-11.923076923076923,4.365384615384615,0.0,0.0,0.0769230769230769,1887.3153846153848
17ca9b9e9b9ef8fdb529001b49ebb50f,MG,115,11998.820000000002,-14.121739130434785,4.069565217391304,0.008695652173913,0.008695652173913,0.1391304347826087,1878.076173913044
9de4643a8dbde634fe55621059d92273,SC,72,19282.41,-11.75,4.527777777777778,0.0277777777777777,0.0138888888888888,0.0555555555555555,1874.67875
7b07b3c7487f0ea825fc6df75abd658b,SP,91,10552.16,-10.989010989010987,4.417582417582418,0.0439560439560439,0.0329670329670329,0.0989010989010989,1855.324835164835
3df020b72d3d44b3af9d110fa3940b65,SP,55,6749.469999999999,-11.21818181818182,4.054545454545455,0.0909090909090909,0.0363636363636363,0.1454545454545454,1840.7645454545452
7a241947449cc45dbfda4f9d0798d9d0,MG,56,9309.64,-13.589285714285714,4.1454545454545455,0.0714285714285714,0.0178571428571428,0.1071428571428571,1828.6792857142852
058fd0aa2bfdb2274e05e1ae971dabb6,SP,60,8428.779999999999,-11.933333333333334,4.383333333333334,0.0666666666666666,0.05,0.1,1826.2356666666665
aafe36600ce604f205b86b5084d3d767,SC,129,11673.2,-13.131782945736434,4.403100775193798,0.0387596899224806,0.0232558139534883,0.0930232558139534,1809.7984496124031
6a8b085f816a1f75f92dbac6eb545f8f,SP,125,8038.219999999999,-10.048,4.172,0.08,0.048,0.096,1800.56128
0d85bbda9889ce1f7e63778d24f346eb,MG,51,6469.699999999999,-11.666666666666666,4.2,0.1176470588235294,0.0392156862745098,0.1176470588235294,1775.9960784313723
e26901d5ab434ce92fd9b5c256820a4e,SP,197,14481.629999999996,-13.47715736040609,4.2030456852791875,0.015228426395939,0.0050761421319796,0.1015228426395939,1764.2594923857866
b17b679f4f5ce2e03ce6968c62648246,SP,50,4404.360000000001,-11.42,3.98,0.16,0.08,0.16,1761.7440000000004
7d76b645482be4a332374e8223836592,SP,172,6287.769999999999,-9.05813953488372,4.0,0.0930232558139534,0.0465116279069767,0.1395348837209302,1754.7265116279066
5cf13accae3222c70a9cac40818ae839,MG,148,17296.180000000004,-14.16891891891892,4.476190476190476,0.0202702702702702,0.0067567567567567,0.0743243243243243,1752.9912162162168
80e6699fe29150b372a0c8a1ebf7dcc8,PR,96,13786.81,-16.052083333333332,4.336842105263158,0.03125,0.0104166666666666,0.0833333333333333,1723.3512500000002
688756f717c462a206ad854c5027a64a,SP,81,7745.72,-8.45679012345679,3.8875,0.037037037037037,0.0123456790123456,0.1728395061728395,1721.2711111111112
1336efc61c316ddf92c899eb817f7cae,SP,74,6355.29,-11.58108108108108,4.0,0.081081081081081,0.0405405405405405,0.1486486486486486,1717.645945945946
b561927807645834b59ef0d16ba55a24,SP,85,5807.03,-8.623529411764705,4.341176470588235,0.1411764705882353,0.0588235294117647,0.0941176470588235,1707.95
3be634553519fb6536a03e1358e9fdc7,SP,80,7034.75,-10.675,4.025,0.075,0.0125,0.15,1670.753125
fcb5ace8bcc92f75707dc0f01a27d269,SP,59,8914.84,-9.33898305084746,3.9827586206896552,0.0338983050847457,0.0169491525423728,0.135593220338983,1662.088813559322
ff063b022a9a0aab91bad2c9088760b7,SP,94,14061.270000000004,-11.893617021276595,4.311827956989247,0.0319148936170212,0.0,0.0851063829787234,1645.4677659574472
8ae520247981aa06bc94abddf5f46d34,SC,65,17766.340000000004,-16.446153846153845,4.446153846153846,0.0,0.0,0.0923076923076923,1639.969846153847
f3da5b2ff499efb8d4a6d371d175d7dd,SP,77,4640.590000000001,-7.961038961038961,3.914473684210526,0.1168831168831168,0.0649350649350649,0.1688311688311688,1627.2198701298703
25e6ffe976bd75618accfe16cefcbd0d,SP,106,13239.8,-13.58490566037736,4.443396226415095,0.0283018867924528,0.0188679245283018,0.0754716981132075,1623.7490566037736
4371b634e0efc0e22b09b52907d9d469,SP,101,9645.01,-10.445544554455443,4.48,0.0693069306930693,0.0297029702970297,0.0693069306930693,1623.4175247524754
ebd2d60905fb58271facef5596b620d3,SP,82,9350.4,-11.475609756097562,4.2317073170731705,0.0365853658536585,0.0365853658536585,0.0975609756097561,1596.4097560975608
8a32e327fe2c1b3511609d81aaf9f042,SP,126,8338.859999999999,-14.896825396825395,3.944,0.0317460317460317,0.0,0.1587301587301587,1588.3542857142854
12b9676b00f60f3b700e83af21824c0e,RS,133,29901.67,-21.2406015037594,4.537878787878788,0.0075187969924812,0.0075187969924812,0.037593984962406,1573.772105263158
7d456afc660226829370f3173d14520c,SP,55,9579.53,-13.090909090909092,4.345454545454546,0.0363636363636363,0.0363636363636363,0.0909090909090909,1567.5594545454546
05d2173d43ea568aa0540eba70d2ca76,MG,62,7438.93,-11.64516129032258,4.183333333333334,0.0483870967741935,0.0483870967741935,0.1129032258064516,1559.7756451612902
750303a20e9c56b2a6bc45cdce0b897d,GO,53,9164.820000000002,-11.830188679245284,4.30188679245283,0.0377358490566037,0.0377358490566037,0.0943396226415094,1556.2901886792456
dbb9b48c841a0e39e21f98e1a6b2ec3e,SP,108,8768.26,-11.87962962962963,4.268518518518518,0.037037037037037,0.0277777777777777,0.1111111111111111,1542.5642592592594
7008613ea464bad5cb9b83456e1e6a8f,SC,123,10488.04,-13.902439024390244,4.278688524590164,0.048780487804878,0.024390243902439,0.073170731707317,1534.83512195122
f84fa566034f5e8e880a07ec624c56af,SP,89,6204.33,-7.573033707865169,4.247191011235955,0.1011235955056179,0.0337078651685393,0.1123595505617977,1533.654606741573
6860153b69cc696d5dcfe1cdaaafcf62,SP,74,5318.23,-9.445945945945946,4.095890410958904,0.081081081081081,0.054054054054054,0.1486486486486486,1509.2274324324324
8a432f4e5b471f8da497d7dc517666e2,SP,95,9520.11,-12.43157894736842,4.191489361702128,0.0210526315789473,0.0105263157894736,0.1263157894736842,1503.1752631578945
3078096983cf766a32a06257648502d1,SP,56,9281.089999999998,-12.553571428571429,4.303571428571429,0.0357142857142857,0.0178571428571428,0.1071428571428571,1491.6037499999995
95f83f51203c626648c875dd41874c7f,MG,50,4631.8,-13.76,3.7,0.04,0.0,0.28,1482.1760000000002
06579cb253ecd5a3a12a9e6eb6bf8f47,SP,61,6007.97,-9.901639344262296,4.131147540983607,0.0655737704918032,0.0327868852459016,0.1475409836065573,1477.3696721311476
530ec6109d11eaaf87999465c6afee01,PR,94,15279.160000000003,-17.414893617021278,4.340425531914893,0.0106382978723404,0.0,0.0851063829787234,1462.898297872341
d673a59aac7a70d8b01e6902bf090a11,SP,79,5499.5599999999995,-12.025316455696204,3.911392405063291,0.0759493670886076,0.0379746835443038,0.1518987341772152,1461.9083544303794
98dac6635aee4995d501a3972e047414,SP,89,6495.349999999999,-11.02247191011236,4.1477272727272725,0.0449438202247191,0.0,0.1797752808988764,1459.6292134831458
1127b7f2594683f2510f1c2c834a486b,SP,110,8438.400000000001,-11.245454545454546,4.1909090909090905,0.0181818181818181,0.009090909090909,0.1454545454545454,1457.5418181818184
062ce95fa2ad4dfaedfc79260130565f,RS,54,8663.43,-13.166666666666666,4.092592592592593,0.037037037037037,0.037037037037037,0.0925925925925925,1443.905
670c26e0f1bf8d0576271d5cfaec6d2b,PR,77,7930.469999999999,-12.64935064935065,4.311688311688312,0.0519480519480519,0.0519480519480519,0.0779220779220779,1441.9036363636362
9d5a9018aee56acb367ba9c3f05d1d6a,GO,66,11791.39,-13.454545454545457,4.454545454545454,0.0151515151515151,0.0,0.106060606060606,1429.259393939394
ce27a3cc3c8cc1ea79d11e561e9bebb6,SP,122,11620.12,-12.40983606557377,4.188034188034188,0.0163934426229508,0.0,0.1065573770491803,1428.7032786885245
b1a81260566c1bac3114a6d124413f27,RS,51,10250.2,-16.235294117647058,4.2745098039215685,0.0,0.0,0.1372549019607843,1406.8901960784317
5b925e1d006e9476d738aa200751b73b,SP,63,8801.84,-11.22222222222222,4.603174603174603,0.0634920634920634,0.0476190476190476,0.0476190476190476,1397.1174603174602
33a6f4b1e7cdc205511e76ba1b6e0186,SP,105,12183.91,-13.066666666666666,4.40952380952381,0.019047619047619,0.0095238095238095,0.0857142857142857,1392.4468571428572
f3b80352b986ab4d1057a4b724be19d0,DF,86,11941.36,-13.16279069767442,4.209302325581396,0.0,0.0,0.1162790697674418,1388.5302325581397
cab85505710c7cb9b720bceb52b01cee,SP,201,13951.99,-15.71641791044776,4.3325,0.0199004975124378,0.0149253731343283,0.0646766169154228,1388.257711442786
640e21a7d01df7614a3b4923e990d40c,SP,115,9960.55,-10.37391304347826,4.3304347826086955,0.0434782608695652,0.017391304347826,0.0782608695652174,1385.8156521739131
6c177e38df6d3f34182b1f1d427231bf,PR,53,9115.05,-14.49056603773585,4.150943396226415,0.0188679245283018,0.0,0.1320754716981132,1375.8566037735848
1eade46fba20122dc4aefb379f8c636b,SP,58,4673.71,-7.637931034482759,4.431034482758621,0.1206896551724138,0.0862068965517241,0.0862068965517241,1369.8805172413795
7722b1df1b0e383e000397b2c11e3e19,SP,133,9106.079999999998,-11.992481203007518,4.2272727272727275,0.0300751879699248,0.0075187969924812,0.112781954887218,1369.3353383458643
dfa0c4c6229ab200a4a1336b4d7128ff,SC,77,6544.21,-14.948051948051948,4.0,0.0129870129870129,0.0129870129870129,0.1818181818181818,1359.835844155844
e067ad2c1c0b48758eb1b5228bcf7a68,SP,54,6047.91,-10.796296296296296,4.148148148148148,0.074074074074074,0.037037037037037,0.1111111111111111,1343.9799999999998
0df3984f9dfb3d49ac6366acbd3bbb85,MG,86,11374.540000000005,-14.80232558139535,4.383720930232558,0.0116279069767441,0.0116279069767441,0.0930232558139534,1322.6209302325583
b372ee768ed69e46ca8cdbd267aa7a38,SP,63,13813.84,-19.19047619047619,4.436507936507937,0.0,0.0,0.0952380952380952,1315.6038095238096
259f7b5e6e482c230e5bfaa670b6bb8f,SP,136,11087.42,-13.455882352941176,4.355555555555555,0.0147058823529411,0.0073529411764705,0.0955882352941176,1304.4023529411766
9d4db00d65d7760644ac0c14edb5fd86,SP,97,11355.3,-11.463917525773196,4.541666666666667,0.0412371134020618,0.0309278350515463,0.0412371134020618,1287.7144329896907
6b243f80ed07b10f0e8aa0f21a205f3c,PR,79,7807.4,-14.60759493670886,4.265822784810126,0.0379746835443038,0.0253164556962025,0.1012658227848101,1284.7620253164555
e333046ce6517bd8bb510291d44f0130,SP,68,8699.32,-13.426470588235292,4.338235294117647,0.0441176470588235,0.0147058823529411,0.088235294117647,1279.3117647058823
289cdb325fb7e7f891c38608bf9e0962,SP,109,15486.069999999998,-10.376146788990823,4.587155963302752,0.018348623853211,0.0091743119266055,0.055045871559633,1278.6663302752293
c864036feaab8c1659f65ea4faebe1da,PR,58,12299.77,-13.362068965517242,4.568965517241379,0.0344827586206896,0.0172413793103448,0.0517241379310344,1272.39
7e3f87d16fb353f408d467e74fbd8014,SP,91,6068.369999999999,-10.373626373626374,4.164835164835165,0.0659340659340659,0.0329670329670329,0.1098901098901098,1267.0223076923075
744dac408745240a2c2528fb1b6028f3,PR,78,24200.4,-16.76923076923077,4.576923076923077,0.0128205128205128,0.0,0.0384615384615384,1241.046153846154
81a1104df0f08b59c68aa5b03cfe398e,PR,72,11115.43,-13.708333333333334,4.314285714285714,0.0416666666666666,0.0,0.0694444444444444,1235.0477777777778
08633c14ef2db992c11f840f04fad4cd,SP,74,9068.82,-10.891891891891891,4.364864864864865,0.054054054054054,0.0135135135135135,0.0675675675675675,1225.5162162162162
d98eec89afa3380e14463da2aabaea72,RS,168,10225.31,-18.261904761904763,4.338323353293413,0.0238095238095238,0.0178571428571428,0.0773809523809523,1217.2988095238095
f0b47fbbc6dee9aafe415a6e33051b3f,SP,67,5087.9,-12.238805970149254,4.253731343283582,0.1044776119402985,0.0149253731343283,0.1194029850746268,1215.020895522388
b4ffb71f0cb1b1c3d63fad021ecf93e1,SP,143,9137.44,-14.86013986013986,4.248251748251748,0.0209790209790209,0.0139860139860139,0.0979020979020979,1214.0654545454545
822166ed1e47908f7cfb49946d03c726,RJ,69,5535.949999999999,-13.246376811594205,3.985294117647059,0.0144927536231884,0.0144927536231884,0.1884057971014492,1203.4673913043475
dee656f0f566ed1aa85bd137c943f08f,SP,92,7883.070000000001,-14.08695652173913,4.369565217391305,0.0434782608695652,0.0326086956521739,0.0760869565217391,1199.5976086956523
a5cba26a62b8b4d0145b68b841e62e7f,PR,53,15785.77,-14.81132075471698,4.566037735849057,0.0188679245283018,0.0188679245283018,0.0377358490566037,1191.3788679245283
4c18691b6037662be2df78a765d98ab5,SP,63,4316.51,-11.253968253968257,3.873015873015873,0.0634920634920634,0.0317460317460317,0.1746031746031746,1164.7725396825397
febab0275244b9a49a623f0bd613ca2f,SP,106,10001.31,-11.650943396226417,4.443396226415095,0.0377358490566037,0.0,0.0754716981132075,1132.2237735849055
d921b68bf747894be13a97ae52b0f386,MG,77,17403.81,-16.09090909090909,4.558441558441558,0.0129870129870129,0.0,0.0519480519480519,1130.1175324675328
951e8cef368f09bb3f3d03c00ca4702c,SP,62,5353.54,-10.35483870967742,4.133333333333334,0.064516129032258,0.0161290322580645,0.1290322580645161,1122.5164516129032
b6d44737c043328708f6749c2dbe50bd,SP,61,6834.009999999999,-13.9672131147541,4.524590163934426,0.0655737704918032,0.0163934426229508,0.081967213114754,1120.3295081967212
f7ccf836d21b2fb1de37564105216cc1,SP,69,3856.34,-9.0,3.850746268656717,0.072463768115942,0.0289855072463768,0.1884057971014492,1117.7797101449275
715bbd5ba4e6b74cb0d2f29eb45058b0,SP,62,5315.880000000001,-13.46774193548387,4.467741935483871,0.0806451612903225,0.064516129032258,0.064516129032258,1114.62
318f287a62ab7ac10b703ac37435a231,SP,51,3529.52,-9.862745098039216,3.92156862745098,0.0980392156862745,0.0196078431372549,0.196078431372549,1107.3003921568627
9674754b5a0cb32b638cec001178f799,SP,84,6137.88,-11.13095238095238,4.107142857142857,0.0238095238095238,0.0,0.1547619047619047,1096.05
2a7dc43cecabf23403078e2188437d1d,SP,52,5629.62,-10.01923076923077,4.096153846153846,0.0576923076923076,0.0192307692307692,0.1153846153846153,1082.6192307692309
0ea22c1cfbdc755f86b9b54b39c16043,MG,234,14824.08,-16.88034188034188,4.406926406926407,0.0085470085470085,0.0042735042735042,0.0598290598290598,1076.963076923077
a6fe7de3d16f6149ffe280349a8535a0,SP,50,3574.44,-9.34,4.040816326530612,0.12,0.02,0.16,1072.332
827f8f69dfa529c561901c4f2e0f332f,PR,91,5003.959999999999,-10.34065934065934,4.286516853932584,0.0659340659340659,0.0329670329670329,0.1098901098901098,1044.782857142857
f4aba7c0bca51484c30ab7bdc34bcdd1,SP,108,4467.13,-15.675925925925926,3.9444444444444446,0.0555555555555555,0.0185185185185185,0.1574074074074074,1034.0578703703704
537eb890efff034a88679788b647c564,RJ,158,7093.4400000000005,-12.018987341772153,4.237341772151899,0.0379746835443038,0.0189873417721519,0.0886075949367088,1032.5893670886076
fa1a9dec3a9940c072684a46728bf1fc,SC,55,7875.71,-15.472727272727273,4.111111111111111,0.0,0.0,0.1272727272727272,1002.3630909090908
d9bd94811c3338dceb4181f3dbc0c73e,SP,54,7682.11,-7.944444444444445,4.796296296296297,0.0555555555555555,0.037037037037037,0.037037037037037,995.829074074074
42b729f859728f5079499127a9c2ef37,SP,103,5396.92,-7.951456310679611,4.480392156862745,0.0776699029126213,0.0388349514563106,0.0679611650485436,995.548349514563
6c7d50c24b3ccd2fd83b44d8bb34e073,SP,112,11123.79,-11.991071428571429,4.45045045045045,0.0178571428571428,0.0089285714285714,0.0625,993.1955357142858
582d4f8675b945722eda7c0cb61ba4c7,SP,59,5683.93,-13.610169491525424,4.1525423728813555,0.0169491525423728,0.0,0.1525423728813559,963.377966101695
45d33f715e24d15a6ccf5c17b3a23e3c,SP,56,5383.47,-11.696428571428571,4.142857142857143,0.0535714285714285,0.0178571428571428,0.1071428571428571,961.3339285714284
fd386aa7bed2af3c7035c65506c9b4a3,SP,69,3316.1699999999996,-10.043478260869565,4.3478260869565215,0.1014492753623188,0.0434782608695652,0.144927536231884,961.2086956521738
0432ead42b6c8a0bdf68154add917fdf,SP,82,8754.400000000001,-13.182926829268292,4.536585365853658,0.024390243902439,0.0121951219512195,0.073170731707317,960.848780487805
d13e50eaa47b4cbe9eb81465865d8cfc,SP,66,7907.549999999999,-4.484848484848484,4.818181818181818,0.0909090909090909,0.0,0.0303030303030303,958.490909090909
aced59e9b31ef866a94f9e7f29d8d418,SP,61,8315.800000000001,-11.442622950819672,4.426229508196721,0.0327868852459016,0.0163934426229508,0.0655737704918032,954.2721311475412
ac3508719a1d8f5b7614b798f70af136,RS,101,15410.660000000002,-18.10891089108911,4.64,0.0198019801980198,0.0099009900990099,0.0297029702970297,915.4847524752475
db4350fd57ae30082dec7acbaacc17f9,SP,136,5369.0199999999995,-15.808823529411764,4.162962962962963,0.0367647058823529,0.0147058823529411,0.1176470588235294,907.9960294117648
30a2f535bb48308f991d0b9ad4a8c4bb,SP,71,5815.360000000001,-13.169014084507042,4.28169014084507,0.028169014084507,0.0,0.1267605633802817,900.9712676056338
a17f621c590ea0fab3d5d883e1630ec6,SP,63,3772.27,-10.428571428571429,4.163934426229508,0.0634920634920634,0.0317460317460317,0.1428571428571428,898.1595238095239
8cbac7e12637ed9cffa18c7875207478,SC,66,4596.709999999999,-13.62121212121212,4.166666666666667,0.0606060606060606,0.0151515151515151,0.106060606060606,835.7654545454544
0c7533c71df861ec58ad7ff999ed0e8d,SP,61,3863.51,-10.131147540983608,4.147540983606557,0.0491803278688524,0.0163934426229508,0.1475409836065573,823.3709836065574
cc63f0dd2acba93ffed4fe9f8e0321fa,SP,55,8496.68,-11.872727272727271,4.090909090909091,0.0,0.0,0.0909090909090909,772.4254545454546
282f23a9769b2690c5dda22e316f9941,MG,98,8331.050000000001,-11.13265306122449,4.36734693877551,0.0408163265306122,0.010204081632653,0.0408163265306122,765.0964285714286
1bb2bdb95f4841f1bba2c0d2cd83d3c9,SP,79,6023.930000000001,-13.30379746835443,4.628205128205129,0.0632911392405063,0.0253164556962025,0.0379746835443038,762.5227848101268
0bae85eb84b9fb3bd773911e89288d54,SP,136,10340.56,-15.139705882352942,4.294117647058823,0.0073529411764705,0.0,0.0661764705882353,760.3352941176471
002100f778ceb8431b7a1020ff7ab48f,SP,50,1995.16,-8.18,3.96,0.18,0.06,0.14,758.1608
6cd68b3ed6d59aaa9fece558ad360c0a,MG,149,13718.460000000005,-14.187919463087248,4.456375838926174,0.0134228187919463,0.0067114093959731,0.0335570469798657,736.5616107382551
2dee2ce60de9709b1a24083217181a1f,MT,54,9844.56,-17.537037037037038,4.425925925925926,0.0185185185185185,0.0,0.0555555555555555,729.2266666666666
8a130737016f838139d31878787a39c9,SP,56,5064.32,-10.714285714285714,4.446428571428571,0.0714285714285714,0.0178571428571428,0.0535714285714285,723.4742857142857
8c16d1f32a54d92897cc437244442e1b,SC,108,7754.67,-15.185185185185183,4.355140186915888,0.0092592592592592,0.0092592592592592,0.074074074074074,718.025
080102cd0a76b09e0dcf55fcacc60e05,MG,122,7773.479999999999,-11.86065573770492,4.516393442622951,0.040983606557377,0.0081967213114754,0.040983606557377,700.8875409836063
643214e62b870443ccbe55ab29a4dccf,SP,65,4120.71,-10.923076923076923,4.4,0.1076923076923077,0.0153846153846153,0.0461538461538461,697.3509230769231
4992e76a42cb3aad7a7047e0d3d7e729,SP,56,3163.5600000000004,-10.660714285714286,3.9642857142857144,0.0535714285714285,0.0,0.1607142857142857,677.9057142857145
b76dba6c951ab00dc4edf0a1aa88037e,SP,157,4827.34,-16.337579617834393,4.219354838709678,0.0318471337579617,0.0063694267515923,0.1019108280254777,676.4425477707007
8bb48dc19fccaa8613b6229bf7f452a2,SP,82,6048.12,-13.353658536585366,4.414634146341464,0.024390243902439,0.0,0.0853658536585365,663.8180487804879
cb8bcce248bb1fb274ba762d8b971456,MG,66,10352.490000000002,-11.969696969696969,4.333333333333333,0.0151515151515151,0.0,0.0454545454545454,627.4236363636364
8f119a0aee85c0c8fc534629734e94fd,SP,75,4645.889999999999,-10.946666666666667,4.28,0.04,0.0133333333333333,0.08,619.4519999999999
520b493b57809f446cb0a233bb3e25c7,SP,63,4762.870000000001,-11.666666666666666,4.2936507936507935,0.0158730158730158,0.0158730158730158,0.0952380952380952,604.808888888889
080199a181c46c657dc5aa235411be3b,SP,79,15544.88,-9.632911392405065,4.615384615384615,0.0126582278481012,0.0126582278481012,0.0126582278481012,590.3118987341772
1838dd9b8977065acf51d95e0053ea7a,MG,62,3963.29,-11.0,4.370967741935484,0.032258064516129,0.0,0.1129032258064516,575.3162903225806
9616352088dcf83a7c06637f4ebf1c80,PR,91,7409.799999999999,-15.45054945054945,4.34065934065934,0.0,0.0,0.0769230769230769,569.9846153846154
f7720c4fa8e3aba4546301ab80ea1f1b,PR,59,3360.79,-14.05084745762712,4.262711864406779,0.0508474576271186,0.0508474576271186,0.0677966101694915,569.6254237288135
f214d28e8d8e3ef068748498ccc2f813,SP,52,2937.8399999999997,-12.692307692307692,4.2745098039215685,0.0769230769230769,0.0192307692307692,0.0961538461538461,564.9692307692308
fc906263ca5083d09dce42fe02247800,MG,112,6273.28,-14.830357142857142,4.392857142857143,0.0,0.0,0.0892857142857142,560.1142857142858
1b8356dabde1d35e17cef975c3f82730,SP,55,4336.63,-13.872727272727271,4.218181818181818,0.0181818181818181,0.0181818181818181,0.0909090909090909,551.9347272727272
376a891762bbdecbc02b4b6adec3fdda,GO,57,7693.629999999999,-15.175438596491228,4.666666666666667,0.0350877192982456,0.0175438596491228,0.0175438596491228,539.9038596491228
2ff97219cb8622eaf3cd89b7d9c09824,SP,87,5698.7,-9.57471264367816,4.540229885057471,0.0344827586206896,0.0229885057471264,0.0344827586206896,524.0183908045976
3bdff180c7e1f6551a643b99c265a120,SP,56,4012.08,-12.785714285714286,4.254545454545455,0.0178571428571428,0.0178571428571428,0.0892857142857142,501.5100000000001
9646c3513289980f17226a2fc4720dbd,SP,69,4152.2300000000005,-13.942028985507246,4.449275362318841,0.0289855072463768,0.0289855072463768,0.0579710144927536,481.4179710144928
91f848e9f4be368f4318775aac733370,SP,60,6862.49,-11.766666666666667,4.396551724137931,0.0166666666666666,0.0,0.05,457.4993333333333
516e7738bd8f735ac19a010ee5450d8d,RJ,74,7905.689999999999,-19.08108108108108,4.635135135135135,0.027027027027027,0.0,0.027027027027027,427.33459459459453
709e16e2b25c7474d980076c6bfc4806,SP,60,6378.86,-12.933333333333334,4.516666666666667,0.0333333333333333,0.0166666666666666,0.0166666666666666,425.2573333333333
725c32fa80c2faacc4fc88450d27314e,SP,89,9166.66,-12.337078651685394,4.517241379310345,0.0112359550561797,0.0112359550561797,0.0224719101123595,411.9847191011236
d12c926d74ceff0a90a21184466ce161,SP,76,5075.68,-14.63157894736842,4.355263157894737,0.0131578947368421,0.0,0.0657894736842105,400.7115789473684
dbd66278cbfe1aa1000f90a217ca4695,SP,85,6472.77,-12.24705882352941,4.505882352941176,0.0352941176470588,0.0,0.0235294117647058,380.75117647058823
57e632711dec9ec14ca7546769483e7e,SC,62,7558.040000000001,-16.741935483870968,4.419354838709677,0.0,0.0,0.0483870967741935,365.71161290322584
cce6ab8d1682639fe45ab70234f1665f,SP,61,3579.59,-13.770491803278688,4.508196721311475,0.0327868852459016,0.0163934426229508,0.0491803278688524,352.09081967213115
d57e18d5f73c7ccb7f7339b61166898d,SP,61,4111.1900000000005,-11.42622950819672,4.426229508196721,0.0,0.0,0.081967213114754,336.9827868852459
25cf099de44674fde97473224f9d59ab,SP,50,2359.55,-12.92,4.326530612244898,0.04,0.0,0.1,330.33700000000005
d9a84e1403de8da0c3aa531d6d108ba6,SP,53,2109.15,-10.320754716981131,4.584905660377358,0.0566037735849056,0.0377358490566037,0.0566037735849056,318.3622641509435
5f1dc28029d2c244352a68107ec2b542,SP,62,3803.46,-15.951612903225806,4.426229508196721,0.0161290322580645,0.0,0.064516129032258,306.7306451612903
0509040ea3fe50071181bbc359eb7738,MG,87,5099.25,-10.655172413793103,4.476744186046512,0.0459770114942528,0.0,0.0114942528735632,293.0603448275862
116ccb1a1604bc88e4d234a8c23f33de,SP,61,2948.33,-10.262295081967212,4.639344262295082,0.0327868852459016,0.0,0.0327868852459016,193.33311475409835
d566c37fa119d5e66c4e9052e83ee4ea,SP,65,6124.919999999999,-10.892307692307693,4.6875,0.0,0.0,0.0307692307692307,188.4590769230769
3504c0cb71d7fa48d967e0e4c94d59d9,SP,53,3037.3099999999995,-10.79245283018868,4.415094339622642,0.0,0.0,0.0377358490566037,114.61547169811318
